{"Path":[{"RecordedTime":5.56637859,"Record":{"Position":{"x":-1.0192,"y":0.77522,"z":-0.3208},"LookingPosition":{"x":-0.019200027,"y":0.77522,"z":-0.320800126}}}]}